filingnumber,filing_date,case_status,relevant_date
KL-000004-2025,"January 6, 2025",Disposed,"October 28, 2025"
KL-000005-2025,"January 6, 2025",Pending,"March 10, 2026"
KL-000007-2026,"January 6, 2026",Pending,"March 10, 2026"
KL-000008-2025,"January 7, 2025",Disposed,"September 22, 2025"
KL-000009-2025,"January 7, 2025",Pending,"March 10, 2026"
KL-000009-2026,"January 6, 2026",Pending,"March 10, 2026"
KL-000010-2025,"January 7, 2025",Disposed,"February 28, 2026"
KL-000010-2026,"January 6, 2026",Pending,"March 10, 2026"
KL-000011-2026,"January 6, 2026",Pending,"March 10, 2026"
KL-000012-2025,"January 8, 2025",Disposed,"August 19, 2025"
KL-000013-2025,"January 7, 2025",Pending,"March 10, 2026"
KL-000014-2026,"January 3, 2026",Pending,"March 10, 2026"
KL-000015-2025,"January 7, 2025",Pending,"March 10, 2026"
KL-000015-2026,"January 6, 2026",Pending,"March 10, 2026"
KL-000016-2026,"January 3, 2026",Pending,"March 10, 2026"
KL-000017-2026,"January 6, 2026",Pending,"March 10, 2026"
KL-000018-2026,"January 8, 2026",Pending,"March 10, 2026"
KL-000019-2026,"January 4, 2026",Pending,"March 10, 2026"
KL-000020-2025,"January 7, 2025",Disposed,"July 30, 2025"
KL-000020-2026,"January 4, 2026",Pending,"March 10, 2026"
KL-000021-2026,"January 5, 2026",Pending,"March 10, 2026"
KL-000022-2025,"January 7, 2025",Pending,"March 10, 2026"
KL-000023-2025,"January 8, 2025",Disposed,"October 7, 2025"
KL-000024-2025,"January 8, 2025",Disposed,"July 4, 2025"
KL-000024-2026,"January 5, 2026",Pending,"March 10, 2026"
KL-000025-2025,"January 8, 2025",Disposed,"February 28, 2025"
KL-000026-2026,"January 6, 2026",Pending,"March 10, 2026"
KL-000027-2025,"January 13, 2025",Pending,"March 10, 2026"
KL-000027-2026,"January 6, 2026",Pending,"March 10, 2026"
KL-000030-2025,"January 8, 2025",Pending,"March 10, 2026"
KL-000031-2025,"January 9, 2025",Pending,"March 10, 2026"
KL-000033-2025,"January 8, 2025",Pending,"March 10, 2026"
KL-000033-2026,"January 6, 2026",Pending,"March 10, 2026"
KL-000034-2026,"January 7, 2026",Pending,"March 10, 2026"
KL-000035-2026,"January 8, 2026",Pending,"March 10, 2026"
KL-000036-2025,"January 8, 2025",Pending,"March 10, 2026"
KL-000036-2026,"January 7, 2026",Pending,"March 10, 2026"
KL-000037-2026,"January 9, 2026",Pending,"March 10, 2026"
KL-000038-2025,"January 10, 2025",Disposed,"November 3, 2025"
KL-000039-2025,"January 9, 2025",Pending,"March 10, 2026"
KL-000040-2025,"January 9, 2025",Pending,"March 10, 2026"
KL-000041-2025,"January 10, 2025",Pending,"March 10, 2026"
KL-000041-2026,"January 8, 2026",Pending,"March 10, 2026"
KL-000042-2026,"January 8, 2026",Pending,"March 10, 2026"
KL-000043-2025,"January 15, 2025",Pending,"March 10, 2026"
KL-000043-2026,"January 17, 2026",Pending,"March 10, 2026"
KL-000044-2025,"January 10, 2025",Pending,"March 10, 2026"
KL-000045-2025,"January 16, 2025",Pending,"March 10, 2026"
KL-000047-2026,"January 10, 2026",Disposed,"February 23, 2026"
KL-000048-2025,"January 10, 2025",Pending,"March 10, 2026"
KL-000048-2026,"January 9, 2026",Pending,"March 10, 2026"
KL-000049-2024,"November 20, 2024",Disposed,"December 31, 2025"
KL-000049-2025,"January 10, 2025",Pending,"March 10, 2026"
KL-000049-2026,"January 9, 2026",Pending,"March 10, 2026"
KL-000050-2025,"May 21, 2025",Pending,"March 10, 2026"
KL-000051-2025,"January 10, 2025",Pending,"March 10, 2026"
KL-000051-2026,"January 9, 2026",Pending,"March 10, 2026"
KL-000052-2024,"April 9, 2025",Disposed,"October 28, 2025"
KL-000053-2025,"January 13, 2025",Pending,"March 10, 2026"
KL-000054-2024,"November 20, 2024",Pending,"March 10, 2026"
KL-000054-2025,"January 14, 2025",Pending,"March 10, 2026"
KL-000054-2026,"January 9, 2026",Pending,"March 10, 2026"
KL-000055-2025,"January 15, 2025",Disposed,"August 5, 2025"
KL-000055-2026,"January 16, 2026",Pending,"March 10, 2026"
KL-000056-2025,"January 15, 2025",Pending,"March 10, 2026"
KL-000057-2026,"January 12, 2026",Pending,"March 10, 2026"
KL-000058-2024,"November 20, 2024",Pending,"March 10, 2026"
KL-000058-2026,"January 13, 2026",Pending,"March 10, 2026"
KL-000059-2025,"January 31, 2025",Pending,"March 10, 2026"
KL-000059-2026,"January 12, 2026",Pending,"March 10, 2026"
KL-000060-2025,"January 16, 2025",Pending,"March 10, 2026"
KL-000060-2026,"January 12, 2026",Disposed,"March 5, 2026"
KL-000061-2025,"January 16, 2025",Pending,"March 10, 2026"
KL-000062-2025,"January 16, 2025",Pending,"March 10, 2026"
KL-000062-2026,"January 12, 2026",Pending,"March 10, 2026"
KL-000063-2026,"January 16, 2026",Pending,"March 10, 2026"
KL-000064-2025,"January 16, 2025",Pending,"March 10, 2026"
KL-000064-2026,"January 16, 2026",Pending,"March 10, 2026"
KL-000065-2024,"December 3, 2024",Disposed,"November 5, 2025"
KL-000065-2026,"January 16, 2026",Pending,"March 10, 2026"
KL-000066-2025,"January 20, 2025",Disposed,"October 15, 2025"
KL-000066-2026,"January 11, 2026",Pending,"March 10, 2026"
KL-000067-2026,"January 14, 2026",Pending,"March 10, 2026"
KL-000068-2025,"January 17, 2025",Disposed,"November 17, 2025"
KL-000069-2025,"January 17, 2025",Pending,"March 10, 2026"
KL-000070-2026,"January 13, 2026",Pending,"March 10, 2026"
KL-000071-2026,"January 14, 2026",Pending,"March 10, 2026"
KL-000072-2025,"January 17, 2025",Disposed,"August 25, 2025"
KL-000072-2026,"January 12, 2026",Pending,"March 10, 2026"
KL-000073-2026,"January 14, 2026",Pending,"March 10, 2026"
KL-000075-2024,"November 21, 2024",Disposed,"May 31, 2025"
KL-000075-2026,"January 12, 2026",Pending,"March 10, 2026"
KL-000076-2025,"January 18, 2025",Pending,"March 10, 2026"
KL-000078-2025,"January 20, 2025",Pending,"March 10, 2026"
KL-000079-2025,"January 18, 2025",Disposed,"April 16, 2025"
KL-000080-2025,"January 20, 2025",Pending,"March 10, 2026"
KL-000082-2025,"January 20, 2025",Disposed,"April 15, 2025"
KL-000083-2025,"January 20, 2025",Disposed,"May 13, 2025"
KL-000084-2025,"January 20, 2025",Disposed,"March 6, 2025"
KL-000085-2025,"January 20, 2025",Disposed,"August 1, 2025"
KL-000086-2025,"January 20, 2025",Disposed,"August 6, 2025"
KL-000087-2025,"January 20, 2025",Disposed,"September 26, 2025"
KL-000090-2025,"January 21, 2025",Disposed,"March 25, 2025"
KL-000091-2025,"January 21, 2025",Pending,"March 10, 2026"
KL-000092-2025,"January 22, 2025",Pending,"March 10, 2026"
KL-000093-2024,"December 13, 2024",Pending,"March 10, 2026"
KL-000093-2025,"January 22, 2025",Disposed,"January 23, 2026"
KL-000097-2025,"January 22, 2025",Disposed,"September 18, 2025"
KL-000098-2025,"January 22, 2025",Disposed,"November 22, 2025"
KL-000099-2025,"January 23, 2025",Disposed,"January 23, 2026"
KL-000100-2025,"January 23, 2025",Pending,"March 10, 2026"
KL-000101-2025,"January 23, 2025",Pending,"March 10, 2026"
KL-000102-2024,"November 23, 2024",Pending,"March 10, 2026"
KL-000102-2025,"January 23, 2025",Disposed,"July 2, 2025"
KL-000103-2024,"November 26, 2024",Pending,"March 10, 2026"
KL-000103-2025,"January 23, 2025",Pending,"March 10, 2026"
KL-000105-2025,"January 23, 2025",Disposed,"April 11, 2025"
KL-000106-2025,"January 24, 2025",Disposed,"October 24, 2025"
KL-000107-2025,"January 23, 2025",Pending,"March 10, 2026"
KL-000109-2025,"January 24, 2025",Pending,"March 10, 2026"
KL-000110-2025,"January 23, 2025",Disposed,"February 21, 2026"
KL-000113-2025,"January 25, 2025",Disposed,"January 29, 2026"
KL-000114-2024,"November 27, 2024",Pending,"March 10, 2026"
KL-000115-2025,"January 24, 2025",Pending,"March 10, 2026"
KL-000116-2024,"November 26, 2024",Pending,"March 10, 2026"
KL-000116-2025,"February 4, 2025",Pending,"March 10, 2026"
KL-000117-2025,"January 24, 2025",Disposed,"October 28, 2025"
KL-000118-2024,"November 26, 2024",Pending,"March 10, 2026"
KL-000118-2025,"January 24, 2025",Disposed,"April 10, 2025"
KL-000120-2024,"November 26, 2024",Pending,"March 10, 2026"
KL-000121-2025,"February 3, 2025",Pending,"March 10, 2026"
KL-000122-2024,"November 30, 2024",Disposed,"May 19, 2025"
KL-000123-2024,"November 27, 2024",Pending,"March 10, 2026"
KL-000123-2025,"January 24, 2025",Disposed,"September 2, 2025"
KL-000124-2025,"January 24, 2025",Disposed,"July 5, 2025"
KL-000125-2025,"January 24, 2025",Disposed,"April 10, 2025"
KL-000126-2025,"January 24, 2025",Disposed,"April 10, 2025"
KL-000127-2025,"January 24, 2025",Disposed,"April 10, 2025"
KL-000128-2024,"November 28, 2024",Pending,"March 10, 2026"
KL-000128-2025,"January 24, 2025",Pending,"March 10, 2026"
KL-000129-2025,"January 24, 2025",Pending,"March 10, 2026"
KL-000131-2024,"November 29, 2024",Pending,"March 10, 2026"
KL-000131-2025,"January 25, 2025",Disposed,"February 24, 2026"
KL-000132-2024,"November 29, 2024",Pending,"March 10, 2026"
KL-000133-2026,"January 14, 2026",Pending,"March 10, 2026"
KL-000134-2025,"January 27, 2025",Pending,"March 10, 2026"
KL-000134-2026,"January 12, 2026",Pending,"March 10, 2026"
KL-000135-2025,"March 20, 2025",Disposed,"October 14, 2025"
KL-000136-2025,"January 27, 2025",Pending,"March 10, 2026"
KL-000137-2026,"January 15, 2026",Pending,"March 10, 2026"
KL-000138-2024,"November 29, 2024",Pending,"March 10, 2026"
KL-000138-2025,"January 28, 2025",Pending,"March 10, 2026"
KL-000138-2026,"January 13, 2026",Pending,"March 10, 2026"
KL-000139-2025,"January 28, 2025",Pending,"March 10, 2026"
KL-000140-2025,"January 29, 2025",Disposed,"April 11, 2025"
KL-000140-2026,"January 13, 2026",Pending,"March 10, 2026"
KL-000141-2024,"December 2, 2024",Disposed,"March 2, 2026"
KL-000141-2025,"January 30, 2025",Disposed,"April 22, 2025"
KL-000141-2026,"January 13, 2026",Pending,"March 10, 2026"
KL-000142-2026,"January 13, 2026",Pending,"March 10, 2026"
KL-000143-2025,"January 28, 2025",Pending,"March 10, 2026"
KL-000143-2026,"January 14, 2026",Pending,"March 10, 2026"
KL-000144-2026,"January 13, 2026",Pending,"March 10, 2026"
KL-000145-2025,"January 29, 2025",Pending,"March 10, 2026"
KL-000146-2024,"December 3, 2024",Disposed,"September 3, 2025"
KL-000146-2025,"January 29, 2025",Disposed,"January 27, 2026"
KL-000146-2026,"January 13, 2026",Pending,"March 10, 2026"
KL-000147-2024,"December 12, 2024",Pending,"March 10, 2026"
KL-000147-2025,"January 29, 2025",Disposed,"October 15, 2025"
KL-000148-2026,"January 13, 2026",Pending,"March 10, 2026"
KL-000149-2024,"December 10, 2024",Pending,"March 10, 2026"
KL-000149-2026,"January 13, 2026",Pending,"March 10, 2026"
KL-000150-2024,"November 30, 2024",Pending,"March 10, 2026"
KL-000150-2026,"January 13, 2026",Pending,"March 10, 2026"
KL-000151-2026,"January 13, 2026",Pending,"March 10, 2026"
KL-000152-2025,"January 30, 2025",Disposed,"October 6, 2025"
KL-000152-2026,"January 14, 2026",Pending,"March 10, 2026"
KL-000153-2024,"November 30, 2024",Disposed,"May 17, 2025"
KL-000153-2025,"January 30, 2025",Disposed,"October 10, 2025"
KL-000154-2024,"November 30, 2024",Pending,"March 10, 2026"
KL-000154-2025,"January 30, 2025",Disposed,"March 2, 2026"
KL-000155-2025,"January 30, 2025",Disposed,"March 11, 2025"
KL-000155-2026,"January 19, 2026",Pending,"March 10, 2026"
KL-000156-2024,"December 3, 2024",Pending,"March 10, 2026"
KL-000156-2025,"March 20, 2025",Pending,"March 10, 2026"
KL-000156-2026,"January 15, 2026",Pending,"March 10, 2026"
KL-000157-2024,"December 21, 2024",Pending,"March 10, 2026"
KL-000157-2026,"January 14, 2026",Pending,"March 10, 2026"
KL-000158-2026,"January 16, 2026",Pending,"March 10, 2026"
KL-000160-2026,"January 16, 2026",Pending,"March 10, 2026"
KL-000161-2025,"January 31, 2025",Pending,"March 10, 2026"
KL-000161-2026,"January 21, 2026",Pending,"March 10, 2026"
KL-000162-2026,"January 16, 2026",Pending,"March 10, 2026"
KL-000163-2025,"January 31, 2025",Disposed,"April 24, 2025"
KL-000163-2026,"January 16, 2026",Pending,"March 10, 2026"
KL-000165-2025,"January 31, 2025",Disposed,"March 11, 2025"
KL-000165-2026,"January 16, 2026",Disposed,"March 4, 2026"
KL-000166-2026,"January 18, 2026",Pending,"March 10, 2026"
KL-000167-2026,"January 17, 2026",Pending,"March 10, 2026"
KL-000169-2026,"January 17, 2026",Pending,"March 10, 2026"
KL-000170-2026,"January 19, 2026",Pending,"March 10, 2026"
KL-000173-2025,"February 4, 2025",Pending,"March 10, 2026"
KL-000175-2025,"February 21, 2025",Disposed,"January 29, 2026"
KL-000178-2025,"February 3, 2025",Pending,"March 10, 2026"
KL-000180-2025,"February 3, 2025",Disposed,"March 9, 2026"
KL-000181-2025,"February 3, 2025",Disposed,"June 3, 2025"
KL-000182-2025,"February 3, 2025",Disposed,"June 25, 2025"
KL-000183-2025,"February 3, 2025",Pending,"March 10, 2026"
KL-000184-2025,"February 6, 2025",Pending,"March 10, 2026"
KL-000186-2025,"February 5, 2025",Pending,"March 10, 2026"
KL-000186-2026,"February 3, 2026",Pending,"March 10, 2026"
KL-000188-2025,"February 4, 2025",Pending,"March 10, 2026"
KL-000189-2025,"February 4, 2025",Disposed,"December 24, 2025"
KL-000190-2025,"February 4, 2025",Pending,"March 10, 2026"
KL-000191-2025,"February 5, 2025",Disposed,"June 18, 2025"
KL-000192-2025,"February 5, 2025",Pending,"March 10, 2026"
KL-000193-2025,"March 18, 2025",Pending,"March 10, 2026"
KL-000194-2025,"February 5, 2025",Pending,"March 10, 2026"
KL-000195-2025,"February 5, 2025",Disposed,"October 18, 2025"
KL-000196-2025,"February 5, 2025",Pending,"March 10, 2026"
KL-000196-2026,"January 30, 2026",Pending,"March 10, 2026"
KL-000198-2026,"January 19, 2026",Pending,"March 10, 2026"
KL-000199-2026,"January 19, 2026",Pending,"March 10, 2026"
KL-000200-2026,"January 19, 2026",Pending,"March 10, 2026"
KL-000201-2025,"February 5, 2025",Pending,"March 10, 2026"
KL-000202-2025,"February 5, 2025",Disposed,"June 25, 2025"
KL-000202-2026,"January 19, 2026",Pending,"March 10, 2026"
KL-000203-2025,"February 5, 2025",Disposed,"June 25, 2025"
KL-000204-2025,"February 5, 2025",Disposed,"August 29, 2025"
KL-000204-2026,"January 19, 2026",Pending,"March 10, 2026"
KL-000205-2025,"February 5, 2025",Disposed,"October 29, 2025"
KL-000206-2025,"February 6, 2025",Disposed,"February 20, 2026"
KL-000206-2026,"January 30, 2026",Pending,"March 10, 2026"
KL-000207-2025,"February 6, 2025",Disposed,"June 24, 2025"
KL-000209-2024,"December 2, 2024",Disposed,"June 5, 2025"
KL-000209-2026,"January 20, 2026",Pending,"March 10, 2026"
KL-000210-2025,"February 6, 2025",Disposed,"March 21, 2025"
KL-000210-2026,"January 20, 2026",Pending,"March 10, 2026"
KL-000211-2025,"February 6, 2025",Disposed,"October 8, 2025"
KL-000212-2025,"February 6, 2025",Disposed,"September 20, 2025"
KL-000212-2026,"January 22, 2026",Pending,"March 10, 2026"
KL-000213-2025,"February 6, 2025",Disposed,"January 21, 2026"
KL-000213-2026,"January 24, 2026",Pending,"March 10, 2026"
KL-000214-2025,"February 6, 2025",Disposed,"October 18, 2025"
KL-000214-2026,"January 21, 2026",Pending,"March 10, 2026"
KL-000215-2026,"January 22, 2026",Pending,"March 10, 2026"
KL-000216-2026,"February 16, 2026",Pending,"March 10, 2026"
KL-000217-2026,"February 19, 2026",Pending,"March 10, 2026"
KL-000219-2025,"February 11, 2025",Pending,"March 10, 2026"
KL-000219-2026,"January 21, 2026",Pending,"March 10, 2026"
KL-000220-2025,"February 7, 2025",Disposed,"August 21, 2025"
KL-000220-2026,"February 12, 2026",Pending,"March 10, 2026"
KL-000221-2025,"February 7, 2025",Pending,"March 10, 2026"
KL-000225-2025,"February 10, 2025",Pending,"March 10, 2026"
KL-000225-2026,"January 21, 2026",Pending,"March 10, 2026"
KL-000228-2025,"February 11, 2025",Pending,"March 10, 2026"
KL-000231-2025,"February 12, 2025",Disposed,"October 3, 2025"
KL-000231-2026,"February 19, 2026",Pending,"March 10, 2026"
KL-000232-2025,"February 13, 2025",Pending,"March 10, 2026"
KL-000232-2026,"January 22, 2026",Pending,"March 10, 2026"
KL-000233-2025,"February 14, 2025",Pending,"March 10, 2026"
KL-000234-2026,"January 22, 2026",Pending,"March 10, 2026"
KL-000235-2026,"January 22, 2026",Pending,"March 10, 2026"
KL-000236-2025,"February 15, 2025",Pending,"March 10, 2026"
KL-000238-2026,"January 23, 2026",Pending,"March 10, 2026"
KL-000239-2026,"February 4, 2026",Pending,"March 10, 2026"
KL-000240-2026,"January 24, 2026",Pending,"March 10, 2026"
KL-000243-2026,"January 23, 2026",Pending,"March 10, 2026"
KL-000244-2026,"January 24, 2026",Pending,"March 10, 2026"
KL-000245-2026,"January 24, 2026",Pending,"March 10, 2026"
KL-000246-2026,"January 24, 2026",Pending,"March 10, 2026"
KL-000247-2026,"January 24, 2026",Pending,"March 10, 2026"
KL-000248-2026,"January 24, 2026",Pending,"March 10, 2026"
KL-000249-2026,"January 25, 2026",Pending,"March 10, 2026"
KL-000250-2026,"January 26, 2026",Pending,"March 10, 2026"
KL-000252-2026,"January 29, 2026",Pending,"March 10, 2026"
KL-000254-2026,"January 29, 2026",Pending,"March 10, 2026"
KL-000258-2025,"February 17, 2025",Disposed,"January 20, 2026"
KL-000258-2026,"January 28, 2026",Pending,"March 10, 2026"
KL-000259-2024,"December 2, 2024",Disposed,"October 18, 2025"
KL-000259-2025,"February 17, 2025",Pending,"March 10, 2026"
KL-000260-2024,"January 28, 2025",Pending,"March 10, 2026"
KL-000260-2025,"February 17, 2025",Pending,"March 10, 2026"
KL-000261-2024,"December 10, 2024",Pending,"March 10, 2026"
KL-000262-2024,"December 3, 2024",Pending,"March 10, 2026"
KL-000263-2024,"December 4, 2024",Pending,"March 10, 2026"
KL-000263-2025,"February 18, 2025",Pending,"March 10, 2026"
KL-000263-2026,"January 28, 2026",Pending,"March 10, 2026"
KL-000264-2024,"December 16, 2024",Disposed,"April 16, 2025"
KL-000264-2026,"January 28, 2026",Pending,"March 10, 2026"
KL-000265-2025,"February 18, 2025",Pending,"March 10, 2026"
KL-000265-2026,"January 29, 2026",Pending,"March 10, 2026"
KL-000266-2026,"February 23, 2026",Pending,"March 10, 2026"
KL-000267-2024,"December 5, 2024",Pending,"March 10, 2026"
KL-000267-2026,"March 7, 2026",Pending,"March 10, 2026"
KL-000268-2024,"December 5, 2024",Disposed,"December 11, 2025"
KL-000268-2025,"February 18, 2025",Pending,"March 10, 2026"
KL-000270-2024,"December 6, 2024",Pending,"March 10, 2026"
KL-000270-2026,"January 30, 2026",Pending,"March 10, 2026"
KL-000272-2024,"December 5, 2024",Disposed,"February 28, 2026"
KL-000272-2026,"January 31, 2026",Pending,"March 10, 2026"
KL-000273-2024,"December 5, 2024",Disposed,"February 21, 2025"
KL-000273-2025,"February 20, 2025",Pending,"March 10, 2026"
KL-000274-2024,"December 6, 2024",Disposed,"February 24, 2025"
KL-000274-2025,"February 20, 2025",Disposed,"November 14, 2025"
KL-000274-2026,"January 29, 2026",Pending,"March 10, 2026"
KL-000275-2025,"February 20, 2025",Pending,"March 10, 2026"
KL-000276-2024,"December 7, 2024",Disposed,"February 24, 2025"
KL-000276-2026,"February 2, 2026",Pending,"March 10, 2026"
KL-000277-2024,"December 7, 2024",Disposed,"March 10, 2025"
KL-000277-2025,"February 20, 2025",Pending,"March 10, 2026"
KL-000278-2024,"December 8, 2024",Pending,"March 10, 2026"
KL-000278-2025,"February 20, 2025",Pending,"March 10, 2026"
KL-000279-2024,"December 8, 2024",Pending,"March 10, 2026"
KL-000279-2025,"February 20, 2025",Disposed,"February 11, 2026"
KL-000279-2026,"January 31, 2026",Pending,"March 10, 2026"
KL-000280-2024,"December 8, 2024",Disposed,"March 10, 2025"
KL-000280-2025,"February 21, 2025",Pending,"March 10, 2026"
KL-000280-2026,"January 29, 2026",Pending,"March 10, 2026"
KL-000281-2025,"February 21, 2025",Pending,"March 10, 2026"
KL-000282-2024,"December 10, 2024",Pending,"March 10, 2026"
KL-000282-2025,"February 22, 2025",Pending,"March 10, 2026"
KL-000283-2025,"February 22, 2025",Pending,"March 10, 2026"
KL-000285-2024,"December 9, 2024",Disposed,"June 9, 2025"
KL-000285-2025,"February 24, 2025",Pending,"March 10, 2026"
KL-000286-2024,"December 10, 2024",Pending,"March 10, 2026"
KL-000286-2025,"February 22, 2025",Pending,"March 10, 2026"
KL-000286-2026,"January 31, 2026",Pending,"March 10, 2026"
KL-000287-2024,"December 10, 2024",Disposed,"April 5, 2025"
KL-000287-2025,"February 24, 2025",Pending,"March 10, 2026"
KL-000288-2024,"December 10, 2024",Disposed,"May 22, 2025"
KL-000288-2026,"January 30, 2026",Pending,"March 10, 2026"
KL-000289-2024,"December 10, 2024",Pending,"March 10, 2026"
KL-000290-2026,"January 31, 2026",Pending,"March 10, 2026"
KL-000291-2025,"February 24, 2025",Pending,"March 10, 2026"
KL-000292-2025,"March 7, 2025",Pending,"March 10, 2026"
KL-000293-2024,"December 10, 2024",Disposed,"December 17, 2025"
KL-000294-2025,"February 25, 2025",Pending,"March 10, 2026"
KL-000294-2026,"January 30, 2026",Pending,"March 10, 2026"
KL-000296-2024,"December 12, 2024",Pending,"March 10, 2026"
KL-000297-2026,"February 6, 2026",Pending,"March 10, 2026"
KL-000298-2024,"December 13, 2024",Pending,"March 10, 2026"
KL-000299-2024,"December 13, 2024",Pending,"March 10, 2026"
KL-000300-2024,"December 13, 2024",Pending,"March 10, 2026"
KL-000300-2025,"February 27, 2025",Disposed,"December 12, 2025"
KL-000300-2026,"January 31, 2026",Pending,"March 10, 2026"
KL-000301-2024,"December 13, 2024",Pending,"March 10, 2026"
KL-000301-2025,"February 27, 2025",Disposed,"September 22, 2025"
KL-000301-2026,"January 31, 2026",Pending,"March 10, 2026"
KL-000302-2024,"December 13, 2024",Pending,"March 10, 2026"
KL-000302-2025,"March 14, 2025",Pending,"March 10, 2026"
KL-000302-2026,"January 31, 2026",Pending,"March 10, 2026"
KL-000303-2024,"December 13, 2024",Pending,"March 10, 2026"
KL-000303-2025,"February 27, 2025",Pending,"March 10, 2026"
KL-000303-2026,"January 31, 2026",Pending,"March 10, 2026"
KL-000304-2025,"March 24, 2025",Pending,"March 10, 2026"
KL-000304-2026,"February 4, 2026",Pending,"March 10, 2026"
KL-000305-2025,"February 27, 2025",Pending,"March 10, 2026"
KL-000305-2026,"February 4, 2026",Pending,"March 10, 2026"
KL-000306-2026,"January 31, 2026",Pending,"March 10, 2026"
KL-000307-2024,"December 17, 2024",Disposed,"May 13, 2025"
KL-000308-2026,"January 31, 2026",Pending,"March 10, 2026"
KL-000310-2024,"December 16, 2024",Pending,"March 10, 2026"
KL-000310-2026,"January 31, 2026",Pending,"March 10, 2026"
KL-000311-2026,"January 31, 2026",Pending,"March 10, 2026"
KL-000312-2024,"December 17, 2024",Disposed,"April 16, 2025"
KL-000312-2026,"January 31, 2026",Pending,"March 10, 2026"
KL-000313-2026,"January 31, 2026",Pending,"March 10, 2026"
KL-000314-2024,"December 18, 2024",Pending,"March 10, 2026"
KL-000314-2025,"February 28, 2025",Disposed,"November 6, 2025"
KL-000314-2026,"January 31, 2026",Pending,"March 10, 2026"
KL-000315-2026,"February 2, 2026",Pending,"March 10, 2026"
KL-000316-2026,"February 2, 2026",Pending,"March 10, 2026"
KL-000317-2025,"February 28, 2025",Pending,"March 10, 2026"
KL-000318-2024,"December 20, 2024",Pending,"March 10, 2026"
KL-000318-2026,"February 4, 2026",Pending,"March 10, 2026"
KL-000319-2024,"December 20, 2024",Disposed,"October 30, 2025"
KL-000319-2025,"February 28, 2025",Disposed,"August 14, 2025"
KL-000319-2026,"February 2, 2026",Disposed,"February 25, 2026"
KL-000320-2024,"December 20, 2024",Pending,"March 10, 2026"
KL-000320-2026,"February 2, 2026",Pending,"March 10, 2026"
KL-000321-2026,"February 2, 2026",Pending,"March 10, 2026"
KL-000322-2024,"December 20, 2024",Disposed,"January 9, 2026"
KL-000322-2026,"February 2, 2026",Pending,"March 10, 2026"
KL-000323-2024,"December 23, 2024",Pending,"March 10, 2026"
KL-000323-2025,"March 1, 2025",Pending,"March 10, 2026"
KL-000323-2026,"February 2, 2026",Pending,"March 10, 2026"
KL-000324-2025,"March 1, 2025",Pending,"March 10, 2026"
KL-000324-2026,"February 3, 2026",Pending,"March 10, 2026"
KL-000325-2024,"December 21, 2024",Pending,"March 10, 2026"
KL-000325-2025,"March 6, 2025",Disposed,"August 2, 2025"
KL-000326-2024,"December 24, 2024",Disposed,"December 17, 2025"
KL-000326-2026,"February 3, 2026",Pending,"March 10, 2026"
KL-000327-2026,"February 4, 2026",Pending,"March 10, 2026"
KL-000328-2025,"March 6, 2025",Pending,"March 10, 2026"
KL-000329-2024,"December 26, 2024",Pending,"March 10, 2026"
KL-000330-2024,"December 24, 2024",Disposed,"June 4, 2025"
KL-000330-2025,"March 6, 2025",Pending,"March 10, 2026"
KL-000331-2026,"February 3, 2026",Pending,"March 10, 2026"
KL-000332-2024,"December 24, 2024",Disposed,"November 10, 2025"
KL-000333-2024,"December 26, 2024",Pending,"March 10, 2026"
KL-000333-2026,"February 3, 2026",Pending,"March 10, 2026"
KL-000334-2024,"December 26, 2024",Disposed,"August 13, 2025"
KL-000334-2025,"March 7, 2025",Disposed,"October 25, 2025"
KL-000334-2026,"February 3, 2026",Pending,"March 10, 2026"
KL-000335-2024,"December 26, 2024",Disposed,"January 17, 2026"
KL-000335-2026,"February 3, 2026",Pending,"March 10, 2026"
KL-000336-2024,"December 26, 2024",Disposed,"March 7, 2025"
KL-000336-2025,"March 6, 2025",Disposed,"August 25, 2025"
KL-000337-2024,"December 27, 2024",Pending,"March 10, 2026"
KL-000338-2024,"December 27, 2024",Disposed,"April 5, 2025"
KL-000338-2025,"March 9, 2025",Disposed,"May 20, 2025"
KL-000339-2024,"December 27, 2024",Pending,"March 10, 2026"
KL-000339-2026,"February 5, 2026",Pending,"March 10, 2026"
KL-000340-2024,"December 27, 2024",Disposed,"August 30, 2025"
KL-000340-2025,"March 11, 2025",Pending,"March 10, 2026"
KL-000341-2025,"March 6, 2025",Disposed,"February 3, 2026"
KL-000341-2026,"February 5, 2026",Pending,"March 10, 2026"
KL-000342-2024,"December 27, 2024",Disposed,"August 8, 2025"
KL-000342-2025,"March 6, 2025",Disposed,"July 30, 2025"
KL-000343-2024,"December 27, 2024",Pending,"March 10, 2026"
KL-000343-2025,"March 7, 2025",Pending,"March 10, 2026"
KL-000344-2024,"December 27, 2024",Pending,"March 10, 2026"
KL-000345-2024,"December 27, 2024",Disposed,"April 23, 2025"
KL-000345-2025,"March 10, 2025",Pending,"March 10, 2026"
KL-000346-2024,"December 30, 2024",Disposed,"November 29, 2025"
KL-000347-2024,"December 30, 2024",Disposed,"December 8, 2025"
KL-000347-2026,"February 4, 2026",Pending,"March 10, 2026"
KL-000348-2024,"December 30, 2024",Pending,"March 10, 2026"
KL-000348-2026,"February 11, 2026",Pending,"March 10, 2026"
KL-000349-2025,"March 10, 2025",Disposed,"October 22, 2025"
KL-000350-2025,"March 10, 2025",Disposed,"July 3, 2025"
KL-000351-2025,"March 9, 2025",Disposed,"June 17, 2025"
KL-000352-2024,"December 30, 2024",Pending,"March 10, 2026"
KL-000352-2026,"February 5, 2026",Pending,"March 10, 2026"
KL-000353-2024,"December 30, 2024",Disposed,"June 25, 2025"
KL-000353-2025,"March 9, 2025",Disposed,"September 8, 2025"
KL-000354-2026,"February 5, 2026",Pending,"March 10, 2026"
KL-000355-2024,"December 31, 2024",Pending,"March 10, 2026"
KL-000355-2025,"March 10, 2025",Pending,"March 10, 2026"
KL-000356-2024,"December 31, 2024",Pending,"March 10, 2026"
KL-000356-2025,"March 13, 2025",Pending,"March 10, 2026"
KL-000356-2026,"February 5, 2026",Pending,"March 10, 2026"
KL-000357-2025,"March 12, 2025",Disposed,"January 21, 2026"
KL-000357-2026,"February 6, 2026",Pending,"March 10, 2026"
KL-000359-2025,"March 11, 2025",Disposed,"February 23, 2026"
KL-000360-2025,"March 11, 2025",Pending,"March 10, 2026"
KL-000360-2026,"February 5, 2026",Pending,"March 10, 2026"
KL-000361-2025,"March 11, 2025",Pending,"March 10, 2026"
KL-000361-2026,"February 6, 2026",Pending,"March 10, 2026"
KL-000362-2025,"March 12, 2025",Pending,"March 10, 2026"
KL-000362-2026,"February 6, 2026",Pending,"March 10, 2026"
KL-000363-2025,"March 12, 2025",Pending,"March 10, 2026"
KL-000364-2025,"March 12, 2025",Pending,"March 10, 2026"
KL-000364-2026,"February 6, 2026",Pending,"March 10, 2026"
KL-000365-2025,"March 11, 2025",Pending,"March 10, 2026"
KL-000365-2026,"February 6, 2026",Pending,"March 10, 2026"
KL-000366-2026,"February 6, 2026",Pending,"March 10, 2026"
KL-000368-2025,"March 12, 2025",Pending,"March 10, 2026"
KL-000369-2026,"February 6, 2026",Pending,"March 10, 2026"
KL-000370-2025,"March 13, 2025",Pending,"March 10, 2026"
KL-000370-2026,"February 6, 2026",Pending,"March 10, 2026"
KL-000371-2025,"March 13, 2025",Pending,"March 10, 2026"
KL-000371-2026,"February 9, 2026",Pending,"March 10, 2026"
KL-000372-2025,"March 13, 2025",Pending,"March 10, 2026"
KL-000372-2026,"February 6, 2026",Pending,"March 10, 2026"
KL-000373-2025,"March 12, 2025",Pending,"March 10, 2026"
KL-000374-2025,"March 27, 2025",Pending,"March 10, 2026"
KL-000376-2025,"March 14, 2025",Disposed,"November 3, 2025"
KL-000377-2025,"March 14, 2025",Pending,"March 10, 2026"
KL-000378-2025,"March 14, 2025",Disposed,"November 3, 2025"
KL-000379-2025,"March 14, 2025",Disposed,"November 21, 2025"
KL-000380-2025,"March 15, 2025",Disposed,"February 28, 2026"
KL-000381-2025,"March 14, 2025",Pending,"March 10, 2026"
KL-000382-2025,"March 15, 2025",Disposed,"October 15, 2025"
KL-000382-2026,"February 9, 2026",Pending,"March 10, 2026"
KL-000383-2025,"March 15, 2025",Pending,"March 10, 2026"
KL-000384-2025,"March 15, 2025",Disposed,"August 23, 2025"
KL-000384-2026,"February 9, 2026",Pending,"March 10, 2026"
KL-000385-2025,"March 17, 2025",Pending,"March 10, 2026"
KL-000385-2026,"February 9, 2026",Pending,"March 10, 2026"
KL-000387-2026,"February 9, 2026",Pending,"March 10, 2026"
KL-000388-2025,"March 16, 2025",Disposed,"August 25, 2025"
KL-000388-2026,"February 10, 2026",Pending,"March 10, 2026"
KL-000389-2026,"February 9, 2026",Pending,"March 10, 2026"
KL-000390-2026,"February 10, 2026",Pending,"March 10, 2026"
KL-000391-2026,"February 10, 2026",Pending,"March 10, 2026"
KL-000392-2026,"February 10, 2026",Pending,"March 10, 2026"
KL-000393-2025,"March 25, 2025",Pending,"March 10, 2026"
KL-000393-2026,"February 19, 2026",Pending,"March 10, 2026"
KL-000394-2025,"March 19, 2025",Pending,"March 10, 2026"
KL-000394-2026,"February 10, 2026",Pending,"March 10, 2026"
KL-000395-2026,"February 10, 2026",Pending,"March 10, 2026"
KL-000396-2026,"February 10, 2026",Pending,"March 10, 2026"
KL-000397-2026,"February 10, 2026",Pending,"March 10, 2026"
KL-000398-2025,"March 20, 2025",Pending,"March 10, 2026"
KL-000398-2026,"February 11, 2026",Pending,"March 10, 2026"
KL-000399-2025,"March 19, 2025",Pending,"March 10, 2026"
KL-000401-2025,"March 28, 2025",Pending,"March 10, 2026"
KL-000401-2026,"February 10, 2026",Pending,"March 10, 2026"
KL-000402-2025,"March 21, 2025",Pending,"March 10, 2026"
KL-000404-2026,"February 11, 2026",Pending,"March 10, 2026"
KL-000405-2025,"April 8, 2025",Pending,"March 10, 2026"
KL-000405-2026,"February 27, 2026",Pending,"March 10, 2026"
KL-000406-2025,"March 21, 2025",Pending,"March 10, 2026"
KL-000406-2026,"February 13, 2026",Pending,"March 10, 2026"
KL-000407-2026,"February 13, 2026",Pending,"March 10, 2026"
KL-000408-2025,"March 24, 2025",Disposed,"October 30, 2025"
KL-000411-2025,"April 4, 2025",Pending,"March 10, 2026"
KL-000411-2026,"February 13, 2026",Pending,"March 10, 2026"
KL-000412-2025,"March 24, 2025",Pending,"March 10, 2026"
KL-000413-2025,"March 24, 2025",Pending,"March 10, 2026"
KL-000414-2026,"February 13, 2026",Pending,"March 10, 2026"
KL-000415-2025,"March 24, 2025",Pending,"March 10, 2026"
KL-000416-2026,"February 14, 2026",Pending,"March 10, 2026"
KL-000417-2025,"March 24, 2025",Pending,"March 10, 2026"
KL-000417-2026,"February 13, 2026",Pending,"March 10, 2026"
KL-000418-2025,"March 26, 2025",Disposed,"November 4, 2025"
KL-000418-2026,"February 13, 2026",Pending,"March 10, 2026"
KL-000419-2025,"March 25, 2025",Disposed,"October 27, 2025"
KL-000419-2026,"February 13, 2026",Pending,"March 10, 2026"
KL-000420-2026,"February 13, 2026",Pending,"March 10, 2026"
KL-000421-2025,"March 26, 2025",Disposed,"November 13, 2025"
KL-000421-2026,"February 13, 2026",Pending,"March 10, 2026"
KL-000422-2025,"March 26, 2025",Disposed,"November 19, 2025"
KL-000422-2026,"February 13, 2026",Pending,"March 10, 2026"
KL-000423-2025,"March 27, 2025",Pending,"March 10, 2026"
KL-000424-2026,"February 14, 2026",Pending,"March 10, 2026"
KL-000425-2025,"March 28, 2025",Disposed,"October 30, 2025"
KL-000425-2026,"February 16, 2026",Pending,"March 10, 2026"
KL-000426-2025,"March 28, 2025",Disposed,"September 1, 2025"
KL-000427-2025,"March 28, 2025",Disposed,"November 19, 2025"
KL-000428-2025,"March 28, 2025",Disposed,"September 27, 2025"
KL-000428-2026,"February 13, 2026",Pending,"March 10, 2026"
KL-000429-2025,"March 28, 2025",Pending,"March 10, 2026"
KL-000429-2026,"February 14, 2026",Pending,"March 10, 2026"
KL-000430-2025,"March 28, 2025",Disposed,"November 1, 2025"
KL-000430-2026,"February 14, 2026",Pending,"March 10, 2026"
KL-000431-2025,"March 28, 2025",Disposed,"November 27, 2025"
KL-000431-2026,"February 14, 2026",Pending,"March 10, 2026"
KL-000432-2026,"February 14, 2026",Pending,"March 10, 2026"
KL-000433-2025,"March 28, 2025",Pending,"March 10, 2026"
KL-000434-2025,"March 28, 2025",Pending,"March 10, 2026"
KL-000434-2026,"February 15, 2026",Pending,"March 10, 2026"
KL-000435-2025,"March 29, 2025",Pending,"March 10, 2026"
KL-000435-2026,"February 16, 2026",Pending,"March 10, 2026"
KL-000436-2025,"March 29, 2025",Disposed,"October 15, 2025"
KL-000436-2026,"February 16, 2026",Pending,"March 10, 2026"
KL-000437-2025,"March 29, 2025",Pending,"March 10, 2026"
KL-000437-2026,"February 17, 2026",Pending,"March 10, 2026"
KL-000438-2026,"February 17, 2026",Pending,"March 10, 2026"
KL-000439-2025,"March 29, 2025",Pending,"March 10, 2026"
KL-000439-2026,"February 16, 2026",Pending,"March 10, 2026"
KL-000440-2025,"April 2, 2025",Pending,"March 10, 2026"
KL-000441-2025,"April 3, 2025",Pending,"March 10, 2026"
KL-000441-2026,"February 16, 2026",Pending,"March 10, 2026"
KL-000442-2025,"April 3, 2025",Disposed,"November 4, 2025"
KL-000442-2026,"February 17, 2026",Pending,"March 10, 2026"
KL-000444-2026,"February 16, 2026",Pending,"March 10, 2026"
KL-000445-2025,"April 10, 2025",Pending,"March 10, 2026"
KL-000445-2026,"February 21, 2026",Pending,"March 10, 2026"
KL-000446-2025,"April 2, 2025",Pending,"March 10, 2026"
KL-000448-2025,"April 3, 2025",Pending,"March 10, 2026"
KL-000448-2026,"February 20, 2026",Pending,"March 10, 2026"
KL-000449-2025,"April 3, 2025",Disposed,"February 16, 2026"
KL-000449-2026,"February 17, 2026",Pending,"March 10, 2026"
KL-000450-2026,"March 3, 2026",Pending,"March 10, 2026"
KL-000451-2025,"April 3, 2025",Pending,"March 10, 2026"
KL-000451-2026,"February 17, 2026",Pending,"March 10, 2026"
KL-000452-2026,"February 18, 2026",Pending,"March 10, 2026"
KL-000453-2025,"April 4, 2025",Pending,"March 10, 2026"
KL-000453-2026,"February 18, 2026",Pending,"March 10, 2026"
KL-000454-2025,"April 3, 2025",Pending,"March 10, 2026"
KL-000454-2026,"February 17, 2026",Pending,"March 10, 2026"
KL-000455-2025,"April 8, 2025",Pending,"March 10, 2026"
KL-000456-2026,"February 17, 2026",Pending,"March 10, 2026"
KL-000457-2025,"April 4, 2025",Disposed,"August 5, 2025"
KL-000458-2025,"April 5, 2025",Pending,"March 10, 2026"
KL-000458-2026,"February 17, 2026",Pending,"March 10, 2026"
KL-000459-2026,"February 19, 2026",Pending,"March 10, 2026"
KL-000460-2025,"April 4, 2025",Pending,"March 10, 2026"
KL-000460-2026,"February 18, 2026",Pending,"March 10, 2026"
KL-000461-2025,"April 4, 2025",Pending,"March 10, 2026"
KL-000461-2026,"February 18, 2026",Pending,"March 10, 2026"
KL-000462-2025,"April 4, 2025",Pending,"March 10, 2026"
KL-000462-2026,"February 18, 2026",Pending,"March 10, 2026"
KL-000463-2026,"February 18, 2026",Pending,"March 10, 2026"
KL-000464-2026,"February 18, 2026",Pending,"March 10, 2026"
KL-000465-2026,"February 18, 2026",Pending,"March 10, 2026"
KL-000466-2025,"April 5, 2025",Disposed,"January 31, 2026"
KL-000466-2026,"February 23, 2026",Pending,"March 10, 2026"
KL-000467-2026,"February 27, 2026",Pending,"March 10, 2026"
KL-000468-2025,"April 4, 2025",Pending,"March 10, 2026"
KL-000468-2026,"February 20, 2026",Pending,"March 10, 2026"
KL-000469-2025,"April 5, 2025",Disposed,"August 13, 2025"
KL-000470-2025,"April 5, 2025",Disposed,"May 28, 2025"
KL-000470-2026,"February 19, 2026",Pending,"March 10, 2026"
KL-000471-2025,"April 5, 2025",Disposed,"October 25, 2025"
KL-000471-2026,"February 18, 2026",Pending,"March 10, 2026"
KL-000473-2025,"April 5, 2025",Pending,"March 10, 2026"
KL-000474-2025,"April 7, 2025",Disposed,"December 4, 2025"
KL-000474-2026,"February 19, 2026",Pending,"March 10, 2026"
KL-000475-2025,"April 7, 2025",Pending,"March 10, 2026"
KL-000475-2026,"February 19, 2026",Pending,"March 10, 2026"
KL-000476-2026,"February 19, 2026",Pending,"March 10, 2026"
KL-000478-2026,"March 6, 2026",Pending,"March 10, 2026"
KL-000479-2025,"April 7, 2025",Pending,"March 10, 2026"
KL-000479-2026,"March 5, 2026",Pending,"March 10, 2026"
KL-000480-2025,"April 7, 2025",Pending,"March 10, 2026"
KL-000480-2026,"February 20, 2026",Pending,"March 10, 2026"
KL-000481-2025,"April 8, 2025",Pending,"March 10, 2026"
KL-000481-2026,"February 20, 2026",Pending,"March 10, 2026"
KL-000482-2026,"February 20, 2026",Pending,"March 10, 2026"
KL-000483-2025,"April 8, 2025",Pending,"March 10, 2026"
KL-000483-2026,"February 20, 2026",Pending,"March 10, 2026"
KL-000484-2025,"April 8, 2025",Pending,"March 10, 2026"
KL-000484-2026,"March 4, 2026",Pending,"March 10, 2026"
KL-000485-2025,"April 9, 2025",Disposed,"December 20, 2025"
KL-000486-2025,"April 11, 2025",Pending,"March 10, 2026"
KL-000486-2026,"February 21, 2026",Pending,"March 10, 2026"
KL-000487-2026,"February 21, 2026",Pending,"March 10, 2026"
KL-000488-2026,"February 21, 2026",Pending,"March 10, 2026"
KL-000489-2025,"April 11, 2025",Pending,"March 10, 2026"
KL-000489-2026,"February 21, 2026",Pending,"March 10, 2026"
KL-000490-2025,"April 11, 2025",Pending,"March 10, 2026"
KL-000490-2026,"February 21, 2026",Pending,"March 10, 2026"
KL-000491-2025,"April 11, 2025",Pending,"March 10, 2026"
KL-000491-2026,"February 23, 2026",Pending,"March 10, 2026"
KL-000492-2025,"April 11, 2025",Pending,"March 10, 2026"
KL-000492-2026,"February 21, 2026",Pending,"March 10, 2026"
KL-000493-2025,"April 11, 2025",Pending,"March 10, 2026"
KL-000493-2026,"February 21, 2026",Pending,"March 10, 2026"
KL-000494-2025,"April 11, 2025",Pending,"March 10, 2026"
KL-000495-2025,"April 11, 2025",Pending,"March 10, 2026"
KL-000495-2026,"February 22, 2026",Pending,"March 10, 2026"
KL-000496-2025,"April 16, 2025",Pending,"March 10, 2026"
KL-000500-2026,"February 23, 2026",Pending,"March 10, 2026"
KL-000501-2025,"April 15, 2025",Pending,"March 10, 2026"
KL-000501-2026,"February 25, 2026",Pending,"March 10, 2026"
KL-000502-2025,"May 5, 2025",Pending,"March 10, 2026"
KL-000502-2026,"February 25, 2026",Pending,"March 10, 2026"
KL-000503-2025,"April 15, 2025",Disposed,"July 29, 2025"
KL-000503-2026,"February 24, 2026",Pending,"March 10, 2026"
KL-000504-2025,"April 15, 2025",Pending,"March 10, 2026"
KL-000504-2026,"February 25, 2026",Pending,"March 10, 2026"
KL-000505-2025,"April 15, 2025",Disposed,"September 1, 2025"
KL-000505-2026,"February 23, 2026",Pending,"March 10, 2026"
KL-000506-2025,"April 15, 2025",Pending,"March 10, 2026"
KL-000506-2026,"February 23, 2026",Pending,"March 10, 2026"
KL-000507-2025,"April 15, 2025",Pending,"March 10, 2026"
KL-000508-2025,"April 15, 2025",Disposed,"October 4, 2025"
KL-000509-2025,"April 16, 2025",Disposed,"June 17, 2025"
KL-000510-2025,"April 16, 2025",Disposed,"July 26, 2025"
KL-000510-2026,"February 24, 2026",Pending,"March 10, 2026"
KL-000511-2025,"April 16, 2025",Disposed,"February 18, 2026"
KL-000512-2025,"April 16, 2025",Pending,"March 10, 2026"
KL-000512-2026,"February 24, 2026",Pending,"March 10, 2026"
KL-000513-2026,"February 26, 2026",Pending,"March 10, 2026"
KL-000514-2025,"April 25, 2025",Pending,"March 10, 2026"
KL-000514-2026,"February 24, 2026",Pending,"March 10, 2026"
KL-000515-2025,"April 25, 2025",Pending,"March 10, 2026"
KL-000515-2026,"February 25, 2026",Pending,"March 10, 2026"
KL-000517-2026,"February 25, 2026",Pending,"March 10, 2026"
KL-000518-2026,"February 26, 2026",Pending,"March 10, 2026"
KL-000519-2025,"April 25, 2025",Pending,"March 10, 2026"
KL-000519-2026,"February 25, 2026",Pending,"March 10, 2026"
KL-000520-2025,"April 22, 2025",Pending,"March 10, 2026"
KL-000521-2025,"May 2, 2025",Pending,"March 10, 2026"
KL-000522-2025,"May 2, 2025",Pending,"March 10, 2026"
KL-000523-2025,"April 25, 2025",Pending,"March 10, 2026"
KL-000523-2026,"February 26, 2026",Pending,"March 10, 2026"
KL-000524-2026,"February 26, 2026",Pending,"March 10, 2026"
KL-000526-2025,"April 25, 2025",Pending,"March 10, 2026"
KL-000527-2025,"May 1, 2025",Pending,"March 10, 2026"
KL-000527-2026,"February 27, 2026",Pending,"March 10, 2026"
KL-000528-2025,"April 24, 2025",Pending,"March 10, 2026"
KL-000528-2026,"February 26, 2026",Pending,"March 10, 2026"
KL-000529-2025,"April 24, 2025",Disposed,"February 16, 2026"
KL-000529-2026,"February 26, 2026",Pending,"March 10, 2026"
KL-000530-2025,"April 25, 2025",Pending,"March 10, 2026"
KL-000530-2026,"February 26, 2026",Pending,"March 10, 2026"
KL-000531-2025,"April 25, 2025",Disposed,"November 13, 2025"
KL-000531-2026,"February 26, 2026",Pending,"March 10, 2026"
KL-000532-2026,"February 26, 2026",Pending,"March 10, 2026"
KL-000533-2026,"February 26, 2026",Pending,"March 10, 2026"
KL-000535-2025,"April 30, 2025",Disposed,"May 26, 2025"
KL-000536-2025,"April 26, 2025",Pending,"March 10, 2026"
KL-000537-2026,"February 26, 2026",Pending,"March 10, 2026"
KL-000538-2025,"April 27, 2025",Pending,"March 10, 2026"
KL-000539-2025,"May 2, 2025",Pending,"March 10, 2026"
KL-000542-2025,"May 1, 2025",Pending,"March 10, 2026"
KL-000542-2026,"February 27, 2026",Pending,"March 10, 2026"
KL-000543-2025,"May 1, 2025",Pending,"March 10, 2026"
KL-000544-2026,"February 28, 2026",Pending,"March 10, 2026"
KL-000545-2025,"April 29, 2025",Pending,"March 10, 2026"
KL-000545-2026,"March 3, 2026",Pending,"March 10, 2026"
KL-000546-2025,"May 1, 2025",Pending,"March 10, 2026"
KL-000547-2026,"February 28, 2026",Pending,"March 10, 2026"
KL-000548-2026,"March 2, 2026",Pending,"March 10, 2026"
KL-000549-2026,"February 28, 2026",Pending,"March 10, 2026"
KL-000550-2025,"April 30, 2025",Pending,"March 10, 2026"
KL-000550-2026,"February 28, 2026",Pending,"March 10, 2026"
KL-000551-2025,"May 1, 2025",Pending,"March 10, 2026"
KL-000552-2025,"May 1, 2025",Pending,"March 10, 2026"
KL-000552-2026,"March 2, 2026",Pending,"March 10, 2026"
KL-000553-2026,"February 28, 2026",Pending,"March 10, 2026"
KL-000554-2026,"March 2, 2026",Pending,"March 10, 2026"
KL-000555-2025,"May 1, 2025",Disposed,"November 12, 2025"
KL-000556-2025,"May 3, 2025",Pending,"March 10, 2026"
KL-000556-2026,"March 2, 2026",Pending,"March 10, 2026"
KL-000557-2026,"March 2, 2026",Pending,"March 10, 2026"
KL-000558-2026,"March 4, 2026",Pending,"March 10, 2026"
KL-000559-2026,"March 2, 2026",Pending,"March 10, 2026"
KL-000560-2025,"May 5, 2025",Pending,"March 10, 2026"
KL-000561-2025,"May 2, 2025",Pending,"March 10, 2026"
KL-000561-2026,"March 3, 2026",Pending,"March 10, 2026"
KL-000562-2025,"May 2, 2025",Disposed,"December 3, 2025"
KL-000562-2026,"March 4, 2026",Pending,"March 10, 2026"
KL-000563-2026,"March 3, 2026",Pending,"March 10, 2026"
KL-000564-2025,"May 3, 2025",Pending,"March 10, 2026"
KL-000564-2026,"March 4, 2026",Pending,"March 10, 2026"
KL-000565-2025,"May 3, 2025",Pending,"March 10, 2026"
KL-000565-2026,"March 5, 2026",Pending,"March 10, 2026"
KL-000566-2026,"March 4, 2026",Pending,"March 10, 2026"
KL-000568-2025,"May 5, 2025",Pending,"March 10, 2026"
KL-000569-2025,"May 6, 2025",Pending,"March 10, 2026"
KL-000571-2026,"March 4, 2026",Pending,"March 10, 2026"
KL-000572-2025,"May 6, 2025",Pending,"March 10, 2026"
KL-000573-2025,"May 20, 2025",Pending,"March 10, 2026"
KL-000575-2025,"May 7, 2025",Pending,"March 10, 2026"
KL-000576-2025,"May 7, 2025",Disposed,"August 27, 2025"
KL-000576-2026,"March 5, 2026",Pending,"March 10, 2026"
KL-000577-2025,"May 7, 2025",Pending,"March 10, 2026"
KL-000577-2026,"March 4, 2026",Pending,"March 10, 2026"
KL-000578-2025,"May 9, 2025",Pending,"March 10, 2026"
KL-000579-2025,"May 8, 2025",Pending,"March 10, 2026"
KL-000580-2025,"May 12, 2025",Pending,"March 10, 2026"
KL-000581-2026,"March 4, 2026",Pending,"March 10, 2026"
KL-000582-2025,"May 9, 2025",Disposed,"June 23, 2025"
KL-000583-2026,"March 5, 2026",Pending,"March 10, 2026"
KL-000584-2026,"March 5, 2026",Pending,"March 10, 2026"
KL-000586-2026,"March 4, 2026",Pending,"March 10, 2026"
KL-000587-2025,"May 12, 2025",Disposed,"March 5, 2026"
KL-000587-2026,"March 4, 2026",Pending,"March 10, 2026"
KL-000588-2025,"May 12, 2025",Pending,"March 10, 2026"
KL-000588-2026,"March 5, 2026",Pending,"March 10, 2026"
KL-000589-2026,"March 5, 2026",Pending,"March 10, 2026"
KL-000590-2026,"March 6, 2026",Pending,"March 10, 2026"
KL-000591-2025,"May 13, 2025",Pending,"March 10, 2026"
KL-000591-2026,"March 5, 2026",Pending,"March 10, 2026"
KL-000592-2025,"May 13, 2025",Pending,"March 10, 2026"
KL-000593-2025,"May 13, 2025",Pending,"March 10, 2026"
KL-000593-2026,"March 5, 2026",Pending,"March 10, 2026"
KL-000594-2026,"March 6, 2026",Pending,"March 10, 2026"
KL-000595-2025,"May 31, 2025",Pending,"March 10, 2026"
KL-000595-2026,"March 5, 2026",Pending,"March 10, 2026"
KL-000596-2025,"May 17, 2025",Disposed,"January 16, 2026"
KL-000596-2026,"March 5, 2026",Pending,"March 10, 2026"
KL-000597-2025,"May 17, 2025",Disposed,"October 3, 2025"
KL-000597-2026,"March 5, 2026",Pending,"March 10, 2026"
KL-000598-2026,"March 5, 2026",Pending,"March 10, 2026"
KL-000599-2026,"March 6, 2026",Pending,"March 10, 2026"
KL-000600-2025,"May 17, 2025",Disposed,"October 29, 2025"
KL-000601-2025,"May 17, 2025",Pending,"March 10, 2026"
KL-000602-2025,"June 25, 2025",Pending,"March 10, 2026"
KL-000602-2026,"March 9, 2026",Pending,"March 10, 2026"
KL-000603-2025,"May 20, 2025",Pending,"March 10, 2026"
KL-000603-2026,"March 6, 2026",Pending,"March 10, 2026"
KL-000604-2026,"March 6, 2026",Pending,"March 10, 2026"
KL-000605-2025,"May 21, 2025",Pending,"March 10, 2026"
KL-000605-2026,"March 6, 2026",Pending,"March 10, 2026"
KL-000606-2026,"March 6, 2026",Pending,"March 10, 2026"
KL-000607-2025,"May 22, 2025",Pending,"March 10, 2026"
KL-000607-2026,"March 6, 2026",Pending,"March 10, 2026"
KL-000608-2025,"May 22, 2025",Pending,"March 10, 2026"
KL-000608-2026,"March 7, 2026",Pending,"March 10, 2026"
KL-000609-2026,"March 7, 2026",Pending,"March 10, 2026"
KL-000610-2026,"March 7, 2026",Pending,"March 10, 2026"
KL-000611-2026,"March 7, 2026",Pending,"March 10, 2026"
KL-000612-2026,"March 9, 2026",Pending,"March 10, 2026"
KL-000613-2025,"May 31, 2025",Pending,"March 10, 2026"
KL-000613-2026,"March 8, 2026",Pending,"March 10, 2026"
KL-000614-2026,"March 9, 2026",Pending,"March 10, 2026"
KL-000615-2025,"May 31, 2025",Pending,"March 10, 2026"
KL-000615-2026,"March 9, 2026",Pending,"March 10, 2026"
KL-000616-2025,"May 26, 2025",Pending,"March 10, 2026"
KL-000616-2026,"March 9, 2026",Pending,"March 10, 2026"
KL-000617-2025,"May 27, 2025",Pending,"March 10, 2026"
KL-000617-2026,"March 9, 2026",Pending,"March 10, 2026"
KL-000618-2026,"March 9, 2026",Pending,"March 10, 2026"
KL-000619-2025,"May 27, 2025",Pending,"March 10, 2026"
KL-000619-2026,"March 9, 2026",Pending,"March 10, 2026"
KL-000621-2025,"May 27, 2025",Pending,"March 10, 2026"
KL-000622-2025,"May 27, 2025",Pending,"March 10, 2026"
KL-000622-2026,"March 10, 2026",Pending,"March 10, 2026"
KL-000624-2025,"June 7, 2025",Pending,"March 10, 2026"
KL-000626-2025,"June 24, 2025",Pending,"March 10, 2026"
KL-000629-2025,"May 31, 2025",Pending,"March 10, 2026"
KL-000631-2025,"June 2, 2025",Pending,"March 10, 2026"
KL-000632-2025,"June 2, 2025",Pending,"March 10, 2026"
KL-000633-2025,"June 2, 2025",Pending,"March 10, 2026"
KL-000634-2025,"June 2, 2025",Pending,"March 10, 2026"
KL-000635-2025,"June 2, 2025",Pending,"March 10, 2026"
KL-000636-2025,"June 2, 2025",Pending,"March 10, 2026"
KL-000637-2025,"June 3, 2025",Pending,"March 10, 2026"
KL-000638-2025,"June 3, 2025",Pending,"March 10, 2026"
KL-000640-2025,"June 5, 2025",Pending,"March 10, 2026"
KL-000642-2025,"June 5, 2025",Pending,"March 10, 2026"
KL-000644-2025,"June 20, 2025",Pending,"March 10, 2026"
KL-000645-2025,"June 6, 2025",Pending,"March 10, 2026"
KL-000646-2025,"June 7, 2025",Pending,"March 10, 2026"
KL-000647-2025,"June 8, 2025",Pending,"March 10, 2026"
KL-000650-2025,"June 10, 2025",Disposed,"November 22, 2025"
KL-000653-2025,"June 12, 2025",Pending,"March 10, 2026"
KL-000655-2025,"June 25, 2025",Pending,"March 10, 2026"
KL-000656-2025,"June 16, 2025",Pending,"March 10, 2026"
KL-000657-2025,"June 12, 2025",Pending,"March 10, 2026"
KL-000658-2025,"June 16, 2025",Disposed,"February 17, 2026"
KL-000659-2025,"June 13, 2025",Pending,"March 10, 2026"
KL-000661-2025,"June 13, 2025",Pending,"March 10, 2026"
KL-000662-2025,"June 13, 2025",Pending,"March 10, 2026"
KL-000664-2025,"June 15, 2025",Pending,"March 10, 2026"
KL-000665-2025,"June 15, 2025",Pending,"March 10, 2026"
KL-000666-2025,"June 15, 2025",Pending,"March 10, 2026"
KL-000667-2025,"June 16, 2025",Pending,"March 10, 2026"
KL-000668-2025,"June 30, 2025",Pending,"March 10, 2026"
KL-000669-2025,"January 14, 2026",Pending,"March 10, 2026"
KL-000670-2025,"June 18, 2025",Pending,"March 10, 2026"
KL-000671-2025,"June 18, 2025",Pending,"March 10, 2026"
KL-000672-2025,"June 18, 2025",Pending,"March 10, 2026"
KL-000676-2025,"June 23, 2025",Pending,"March 10, 2026"
KL-000679-2025,"June 20, 2025",Pending,"March 10, 2026"
KL-000680-2025,"June 20, 2025",Pending,"March 10, 2026"
KL-000681-2025,"December 1, 2025",Pending,"March 10, 2026"
KL-000684-2025,"June 21, 2025",Pending,"March 10, 2026"
KL-000685-2025,"June 23, 2025",Pending,"March 10, 2026"
KL-000687-2025,"July 8, 2025",Pending,"March 10, 2026"
KL-000689-2025,"June 26, 2025",Pending,"March 10, 2026"
KL-000691-2025,"June 25, 2025",Pending,"March 10, 2026"
KL-000693-2025,"June 26, 2025",Disposed,"January 31, 2026"
KL-000694-2025,"June 27, 2025",Disposed,"October 27, 2025"
KL-000695-2025,"June 26, 2025",Pending,"March 10, 2026"
KL-000698-2025,"June 28, 2025",Disposed,"October 10, 2025"
KL-000699-2025,"July 3, 2025",Pending,"March 10, 2026"
KL-000701-2025,"July 2, 2025",Pending,"March 10, 2026"
KL-000704-2025,"July 23, 2025",Pending,"March 10, 2026"
KL-000705-2025,"July 1, 2025",Pending,"March 10, 2026"
KL-000708-2025,"July 1, 2025",Pending,"March 10, 2026"
KL-000709-2025,"July 1, 2025",Disposed,"October 31, 2025"
KL-000712-2025,"July 4, 2025",Pending,"March 10, 2026"
KL-000713-2025,"July 4, 2025",Pending,"March 10, 2026"
KL-000715-2025,"July 4, 2025",Disposed,"December 30, 2025"
KL-000716-2025,"July 4, 2025",Pending,"March 10, 2026"
KL-000717-2025,"July 5, 2025",Pending,"March 10, 2026"
KL-000718-2025,"July 7, 2025",Pending,"March 10, 2026"
KL-000719-2025,"July 10, 2025",Pending,"March 10, 2026"
KL-000720-2025,"July 9, 2025",Pending,"March 10, 2026"
KL-000722-2025,"July 10, 2025",Disposed,"January 12, 2026"
KL-000723-2025,"July 10, 2025",Pending,"March 10, 2026"
KL-000725-2025,"July 11, 2025",Pending,"March 10, 2026"
KL-000727-2025,"July 17, 2025",Disposed,"January 24, 2026"
KL-000728-2025,"July 26, 2025",Pending,"March 10, 2026"
KL-000729-2025,"July 19, 2025",Pending,"March 10, 2026"
KL-000730-2025,"July 15, 2025",Pending,"March 10, 2026"
KL-000731-2025,"July 16, 2025",Pending,"March 10, 2026"
KL-000734-2025,"July 18, 2025",Pending,"March 10, 2026"
KL-000737-2025,"July 17, 2025",Pending,"March 10, 2026"
KL-000738-2025,"July 17, 2025",Disposed,"September 22, 2025"
KL-000740-2025,"July 17, 2025",Disposed,"January 30, 2026"
KL-000741-2025,"July 18, 2025",Pending,"March 10, 2026"
KL-000743-2025,"July 19, 2025",Pending,"March 10, 2026"
KL-000744-2025,"July 19, 2025",Pending,"March 10, 2026"
KL-000745-2025,"July 23, 2025",Pending,"March 10, 2026"
KL-000746-2025,"July 19, 2025",Pending,"March 10, 2026"
KL-000749-2025,"July 21, 2025",Pending,"March 10, 2026"
KL-000750-2025,"July 21, 2025",Disposed,"August 20, 2025"
KL-000751-2025,"July 21, 2025",Pending,"March 10, 2026"
KL-000753-2025,"July 23, 2025",Pending,"March 10, 2026"
KL-000755-2025,"July 26, 2025",Disposed,"November 13, 2025"
KL-000756-2025,"July 24, 2025",Disposed,"November 17, 2025"
KL-000757-2025,"July 24, 2025",Pending,"March 10, 2026"
KL-000758-2025,"July 25, 2025",Pending,"March 10, 2026"
KL-000759-2025,"July 25, 2025",Disposed,"September 29, 2025"
KL-000763-2025,"August 2, 2025",Pending,"March 10, 2026"
KL-000764-2025,"July 26, 2025",Pending,"March 10, 2026"
KL-000765-2025,"July 26, 2025",Pending,"March 10, 2026"
KL-000766-2025,"July 26, 2025",Pending,"March 10, 2026"
KL-000767-2025,"July 27, 2025",Disposed,"September 19, 2025"
KL-000768-2025,"July 27, 2025",Disposed,"November 13, 2025"
KL-000769-2025,"July 27, 2025",Disposed,"February 10, 2026"
KL-000770-2025,"July 27, 2025",Pending,"March 10, 2026"
KL-000771-2025,"July 27, 2025",Disposed,"November 28, 2025"
KL-000773-2025,"July 28, 2025",Disposed,"October 18, 2025"
KL-000774-2025,"July 28, 2025",Disposed,"November 13, 2025"
KL-000775-2025,"July 28, 2025",Pending,"March 10, 2026"
KL-000776-2025,"July 28, 2025",Pending,"March 10, 2026"
KL-000777-2025,"July 29, 2025",Pending,"March 10, 2026"
KL-000779-2025,"July 29, 2025",Pending,"March 10, 2026"
KL-000781-2025,"July 29, 2025",Pending,"March 10, 2026"
KL-000782-2025,"July 29, 2025",Pending,"March 10, 2026"
KL-000783-2025,"July 30, 2025",Pending,"March 10, 2026"
KL-000784-2025,"July 30, 2025",Pending,"March 10, 2026"
KL-000785-2025,"July 30, 2025",Pending,"March 10, 2026"
KL-000788-2025,"July 31, 2025",Disposed,"September 22, 2025"
KL-000790-2025,"July 31, 2025",Disposed,"September 22, 2025"
KL-000791-2025,"August 1, 2025",Pending,"March 10, 2026"
KL-000793-2025,"August 1, 2025",Disposed,"November 29, 2025"
KL-000795-2025,"August 1, 2025",Disposed,"September 22, 2025"
KL-000796-2025,"August 1, 2025",Disposed,"September 22, 2025"
KL-000797-2025,"August 1, 2025",Disposed,"September 22, 2025"
KL-000798-2025,"August 1, 2025",Disposed,"September 22, 2025"
KL-000799-2025,"August 1, 2025",Disposed,"September 22, 2025"
KL-000800-2025,"August 1, 2025",Disposed,"September 22, 2025"
KL-000801-2025,"August 2, 2025",Pending,"March 10, 2026"
KL-000802-2025,"August 6, 2025",Pending,"March 10, 2026"
KL-000804-2025,"August 7, 2025",Pending,"March 10, 2026"
KL-000805-2025,"August 8, 2025",Pending,"March 10, 2026"
KL-000806-2025,"August 13, 2025",Pending,"March 10, 2026"
KL-000809-2025,"August 11, 2025",Pending,"March 10, 2026"
KL-000810-2025,"August 21, 2025",Pending,"March 10, 2026"
KL-000811-2025,"August 12, 2025",Pending,"March 10, 2026"
KL-000812-2025,"August 12, 2025",Pending,"March 10, 2026"
KL-000813-2025,"August 12, 2025",Pending,"March 10, 2026"
KL-000814-2025,"August 12, 2025",Pending,"March 10, 2026"
KL-000815-2025,"August 13, 2025",Pending,"March 10, 2026"
KL-000816-2025,"August 13, 2025",Pending,"March 10, 2026"
KL-000817-2025,"August 13, 2025",Pending,"March 10, 2026"
KL-000818-2025,"August 13, 2025",Pending,"March 10, 2026"
KL-000822-2025,"August 14, 2025",Pending,"March 10, 2026"
KL-000823-2025,"August 18, 2025",Pending,"March 10, 2026"
KL-000824-2025,"August 29, 2025",Pending,"March 10, 2026"
KL-000826-2025,"August 17, 2025",Pending,"March 10, 2026"
KL-000827-2025,"August 17, 2025",Pending,"March 10, 2026"
KL-000828-2025,"August 18, 2025",Pending,"March 10, 2026"
KL-000829-2025,"August 18, 2025",Pending,"March 10, 2026"
KL-000830-2025,"August 18, 2025",Pending,"March 10, 2026"
KL-000831-2025,"August 19, 2025",Pending,"March 10, 2026"
KL-000832-2025,"August 18, 2025",Pending,"March 10, 2026"
KL-000833-2025,"August 19, 2025",Disposed,"December 10, 2025"
KL-000834-2025,"August 18, 2025",Pending,"March 10, 2026"
KL-000835-2025,"August 18, 2025",Pending,"March 10, 2026"
KL-000836-2025,"August 19, 2025",Disposed,"September 9, 2025"
KL-000837-2025,"August 19, 2025",Pending,"March 10, 2026"
KL-000838-2025,"August 19, 2025",Pending,"March 10, 2026"
KL-000839-2025,"August 19, 2025",Disposed,"January 30, 2026"
KL-000840-2025,"August 19, 2025",Disposed,"November 11, 2025"
KL-000842-2025,"August 19, 2025",Pending,"March 10, 2026"
KL-000843-2025,"August 19, 2025",Pending,"March 10, 2026"
KL-000844-2025,"August 19, 2025",Pending,"March 10, 2026"
KL-000845-2025,"August 19, 2025",Pending,"March 10, 2026"
KL-000846-2025,"August 19, 2025",Pending,"March 10, 2026"
KL-000847-2025,"August 19, 2025",Disposed,"September 29, 2025"
KL-000848-2025,"August 19, 2025",Disposed,"October 24, 2025"
KL-000849-2025,"August 20, 2025",Disposed,"December 18, 2025"
KL-000850-2025,"August 20, 2025",Pending,"March 10, 2026"
KL-000851-2025,"August 20, 2025",Pending,"March 10, 2026"
KL-000852-2025,"August 20, 2025",Disposed,"December 8, 2025"
KL-000853-2025,"August 20, 2025",Disposed,"October 13, 2025"
KL-000854-2025,"August 20, 2025",Pending,"March 10, 2026"
KL-000855-2025,"August 20, 2025",Disposed,"January 28, 2026"
KL-000856-2025,"August 20, 2025",Pending,"March 10, 2026"
KL-000857-2025,"August 20, 2025",Pending,"March 10, 2026"
KL-000858-2025,"August 20, 2025",Pending,"March 10, 2026"
KL-000859-2025,"August 20, 2025",Disposed,"January 22, 2026"
KL-000860-2025,"August 20, 2025",Disposed,"October 22, 2025"
KL-000861-2025,"August 20, 2025",Pending,"March 10, 2026"
KL-000862-2025,"August 20, 2025",Disposed,"January 29, 2026"
KL-000863-2025,"August 20, 2025",Pending,"March 10, 2026"
KL-000864-2025,"August 20, 2025",Disposed,"November 10, 2025"
KL-000865-2025,"August 20, 2025",Disposed,"January 17, 2026"
KL-000866-2025,"August 20, 2025",Pending,"March 10, 2026"
KL-000868-2025,"August 21, 2025",Pending,"March 10, 2026"
KL-000869-2025,"September 24, 2025",Pending,"March 10, 2026"
KL-000872-2025,"August 22, 2025",Pending,"March 10, 2026"
KL-000874-2025,"August 22, 2025",Disposed,"February 23, 2026"
KL-000875-2025,"August 22, 2025",Pending,"March 10, 2026"
KL-000876-2025,"August 22, 2025",Pending,"March 10, 2026"
KL-000877-2025,"August 22, 2025",Disposed,"February 24, 2026"
KL-000880-2025,"September 1, 2025",Pending,"March 10, 2026"
KL-000881-2025,"August 24, 2025",Pending,"March 10, 2026"
KL-000882-2025,"August 25, 2025",Pending,"March 10, 2026"
KL-000883-2025,"August 25, 2025",Pending,"March 10, 2026"
KL-000884-2025,"August 27, 2025",Pending,"March 10, 2026"
KL-000885-2025,"August 26, 2025",Pending,"March 10, 2026"
KL-000886-2025,"August 26, 2025",Pending,"March 10, 2026"
KL-000889-2025,"August 26, 2025",Pending,"March 10, 2026"
KL-000890-2025,"August 26, 2025",Pending,"March 10, 2026"
KL-000891-2025,"September 13, 2025",Pending,"March 10, 2026"
KL-000892-2025,"August 27, 2025",Pending,"March 10, 2026"
KL-000894-2025,"August 27, 2025",Pending,"March 10, 2026"
KL-000896-2025,"August 29, 2025",Pending,"March 10, 2026"
KL-000897-2025,"August 27, 2025",Pending,"March 10, 2026"
KL-000898-2025,"August 27, 2025",Disposed,"January 17, 2026"
KL-000899-2025,"August 28, 2025",Disposed,"November 28, 2025"
KL-000901-2025,"August 29, 2025",Pending,"March 10, 2026"
KL-000902-2025,"August 29, 2025",Pending,"March 10, 2026"
KL-000904-2025,"August 30, 2025",Pending,"March 10, 2026"
KL-000906-2025,"August 30, 2025",Pending,"March 10, 2026"
KL-000907-2025,"August 30, 2025",Disposed,"September 26, 2025"
KL-000908-2025,"August 30, 2025",Pending,"March 10, 2026"
KL-000909-2025,"August 30, 2025",Pending,"March 10, 2026"
KL-000910-2025,"August 30, 2025",Pending,"March 10, 2026"
KL-000911-2025,"September 1, 2025",Pending,"March 10, 2026"
KL-000912-2025,"September 1, 2025",Pending,"March 10, 2026"
KL-000913-2025,"September 1, 2025",Disposed,"February 9, 2026"
KL-000914-2025,"September 11, 2025",Disposed,"September 26, 2025"
KL-000916-2025,"September 1, 2025",Pending,"March 10, 2026"
KL-000918-2025,"September 2, 2025",Pending,"March 10, 2026"
KL-000919-2025,"September 2, 2025",Pending,"March 10, 2026"
KL-000920-2025,"September 2, 2025",Pending,"March 10, 2026"
KL-000921-2025,"September 2, 2025",Pending,"March 10, 2026"
KL-000922-2025,"September 2, 2025",Disposed,"October 17, 2025"
KL-000923-2025,"September 2, 2025",Disposed,"January 23, 2026"
KL-000924-2025,"September 2, 2025",Pending,"March 10, 2026"
KL-000925-2025,"September 2, 2025",Pending,"March 10, 2026"
KL-000926-2025,"September 11, 2025",Disposed,"October 30, 2025"
KL-000927-2025,"September 3, 2025",Disposed,"November 5, 2025"
KL-000928-2025,"September 4, 2025",Pending,"March 10, 2026"
KL-000929-2025,"September 6, 2025",Pending,"March 10, 2026"
KL-000930-2025,"September 8, 2025",Pending,"March 10, 2026"
KL-000931-2025,"September 8, 2025",Pending,"March 10, 2026"
KL-000933-2025,"September 9, 2025",Pending,"March 10, 2026"
KL-000934-2025,"September 8, 2025",Disposed,"November 21, 2025"
KL-000935-2025,"September 8, 2025",Disposed,"November 21, 2025"
KL-000936-2025,"September 9, 2025",Pending,"March 10, 2026"
KL-000937-2025,"September 9, 2025",Disposed,"November 25, 2025"
KL-000938-2025,"September 9, 2025",Disposed,"November 25, 2025"
KL-000939-2025,"September 9, 2025",Pending,"March 10, 2026"
KL-000940-2025,"September 9, 2025",Pending,"March 10, 2026"
KL-000941-2025,"September 10, 2025",Pending,"March 10, 2026"
KL-000942-2025,"September 11, 2025",Pending,"March 10, 2026"
KL-000943-2025,"September 11, 2025",Disposed,"October 24, 2025"
KL-000944-2025,"September 11, 2025",Pending,"March 10, 2026"
KL-000945-2025,"September 11, 2025",Pending,"March 10, 2026"
KL-000947-2025,"September 11, 2025",Pending,"March 10, 2026"
KL-000948-2025,"September 11, 2025",Disposed,"October 25, 2025"
KL-000949-2025,"September 11, 2025",Pending,"March 10, 2026"
KL-000950-2025,"September 11, 2025",Disposed,"February 28, 2026"
KL-000951-2025,"September 13, 2025",Pending,"March 10, 2026"
KL-000952-2025,"September 15, 2025",Pending,"March 10, 2026"
KL-000953-2025,"September 19, 2025",Pending,"March 10, 2026"
KL-000954-2025,"September 15, 2025",Pending,"March 10, 2026"
KL-000955-2025,"September 24, 2025",Disposed,"October 31, 2025"
KL-000958-2025,"September 18, 2025",Pending,"March 10, 2026"
KL-000959-2025,"September 18, 2025",Pending,"March 10, 2026"
KL-000960-2025,"September 18, 2025",Disposed,"October 10, 2025"
KL-000961-2025,"September 18, 2025",Pending,"March 10, 2026"
KL-000962-2025,"September 18, 2025",Pending,"March 10, 2026"
KL-000963-2025,"September 18, 2025",Pending,"March 10, 2026"
KL-000964-2025,"September 18, 2025",Pending,"March 10, 2026"
KL-000965-2025,"September 19, 2025",Pending,"March 10, 2026"
KL-000966-2025,"September 18, 2025",Pending,"March 10, 2026"
KL-000967-2025,"September 18, 2025",Disposed,"February 17, 2026"
KL-000968-2025,"September 18, 2025",Disposed,"December 29, 2025"
KL-000969-2025,"September 18, 2025",Pending,"March 10, 2026"
KL-000970-2025,"September 18, 2025",Disposed,"November 14, 2025"
KL-000971-2025,"September 19, 2025",Pending,"March 10, 2026"
KL-000975-2025,"September 20, 2025",Pending,"March 10, 2026"
KL-000976-2025,"September 22, 2025",Pending,"March 10, 2026"
KL-000977-2025,"September 22, 2025",Pending,"March 10, 2026"
KL-000978-2025,"September 22, 2025",Pending,"March 10, 2026"
KL-000979-2025,"September 20, 2025",Pending,"March 10, 2026"
KL-000980-2025,"September 22, 2025",Pending,"March 10, 2026"
KL-000981-2025,"October 14, 2025",Pending,"March 10, 2026"
KL-000982-2025,"September 22, 2025",Pending,"March 10, 2026"
KL-000983-2025,"September 24, 2025",Pending,"March 10, 2026"
KL-000984-2025,"September 22, 2025",Pending,"March 10, 2026"
KL-000985-2025,"December 31, 2025",Pending,"March 10, 2026"
KL-000986-2025,"September 22, 2025",Pending,"March 10, 2026"
KL-000987-2025,"September 22, 2025",Disposed,"November 22, 2025"
KL-000988-2025,"September 23, 2025",Pending,"March 10, 2026"
KL-000991-2025,"September 24, 2025",Pending,"March 10, 2026"
KL-000993-2025,"September 24, 2025",Disposed,"November 22, 2025"
KL-000994-2025,"September 24, 2025",Disposed,"October 17, 2025"
KL-000995-2025,"October 3, 2025",Disposed,"November 29, 2025"
KL-000996-2025,"September 25, 2025",Pending,"March 10, 2026"
KL-000997-2025,"September 26, 2025",Pending,"March 10, 2026"
KL-000998-2025,"September 27, 2025",Pending,"March 10, 2026"
KL-000999-2025,"September 29, 2025",Pending,"March 10, 2026"
KL-001000-2025,"September 26, 2025",Disposed,"January 1, 2026"
KL-001001-2025,"September 26, 2025",Pending,"March 10, 2026"
KL-001003-2025,"September 26, 2025",Pending,"March 10, 2026"
KL-001005-2025,"September 27, 2025",Pending,"March 10, 2026"
KL-001007-2025,"September 29, 2025",Pending,"March 10, 2026"
KL-001008-2025,"October 6, 2025",Pending,"March 10, 2026"
KL-001009-2025,"October 7, 2025",Pending,"March 10, 2026"
KL-001010-2025,"September 27, 2025",Pending,"March 10, 2026"
KL-001011-2025,"October 7, 2025",Pending,"March 10, 2026"
KL-001012-2025,"October 7, 2025",Pending,"March 10, 2026"
KL-001013-2025,"October 7, 2025",Pending,"March 10, 2026"
KL-001014-2025,"October 7, 2025",Pending,"March 10, 2026"
KL-001015-2025,"October 7, 2025",Pending,"March 10, 2026"
KL-001016-2025,"September 29, 2025",Pending,"March 10, 2026"
KL-001017-2025,"September 29, 2025",Pending,"March 10, 2026"
KL-001018-2025,"September 29, 2025",Pending,"March 10, 2026"
KL-001019-2025,"September 29, 2025",Pending,"March 10, 2026"
KL-001020-2025,"September 29, 2025",Pending,"March 10, 2026"
KL-001021-2025,"September 29, 2025",Pending,"March 10, 2026"
KL-001022-2025,"October 3, 2025",Pending,"March 10, 2026"
KL-001024-2025,"October 3, 2025",Pending,"March 10, 2026"
KL-001025-2025,"October 3, 2025",Pending,"March 10, 2026"
KL-001026-2025,"October 4, 2025",Pending,"March 10, 2026"
KL-001027-2025,"October 4, 2025",Pending,"March 10, 2026"
KL-001028-2025,"October 4, 2025",Pending,"March 10, 2026"
KL-001029-2025,"October 4, 2025",Disposed,"January 23, 2026"
KL-001030-2025,"October 4, 2025",Pending,"March 10, 2026"
KL-001031-2025,"October 4, 2025",Disposed,"January 23, 2026"
KL-001032-2025,"October 4, 2025",Disposed,"November 21, 2025"
KL-001033-2025,"October 4, 2025",Disposed,"December 1, 2025"
KL-001034-2025,"October 4, 2025",Disposed,"December 1, 2025"
KL-001035-2025,"October 5, 2025",Disposed,"November 11, 2025"
KL-001036-2025,"October 7, 2025",Pending,"March 10, 2026"
KL-001037-2025,"October 6, 2025",Pending,"March 10, 2026"
KL-001038-2025,"October 6, 2025",Disposed,"January 3, 2026"
KL-001039-2025,"October 6, 2025",Pending,"March 10, 2026"
KL-001042-2025,"October 7, 2025",Pending,"March 10, 2026"
KL-001043-2025,"October 8, 2025",Pending,"March 10, 2026"
KL-001044-2025,"October 8, 2025",Pending,"March 10, 2026"
KL-001045-2025,"October 8, 2025",Disposed,"January 27, 2026"
KL-001046-2025,"October 8, 2025",Pending,"March 10, 2026"
KL-001047-2025,"October 8, 2025",Pending,"March 10, 2026"
KL-001048-2025,"October 9, 2025",Pending,"March 10, 2026"
KL-001049-2025,"October 9, 2025",Pending,"March 10, 2026"
KL-001050-2025,"October 9, 2025",Pending,"March 10, 2026"
KL-001051-2025,"October 9, 2025",Pending,"March 10, 2026"
KL-001052-2025,"October 9, 2025",Pending,"March 10, 2026"
KL-001053-2025,"October 10, 2025",Pending,"March 10, 2026"
KL-001054-2025,"October 13, 2025",Pending,"March 10, 2026"
KL-001055-2025,"October 13, 2025",Pending,"March 10, 2026"
KL-001056-2025,"October 13, 2025",Pending,"March 10, 2026"
KL-001057-2025,"October 13, 2025",Pending,"March 10, 2026"
KL-001059-2025,"October 16, 2025",Disposed,"January 16, 2026"
KL-001062-2025,"October 17, 2025",Disposed,"December 2, 2025"
KL-001063-2025,"October 17, 2025",Pending,"March 10, 2026"
KL-001065-2025,"October 17, 2025",Disposed,"December 18, 2025"
KL-001067-2025,"October 27, 2025",Pending,"March 10, 2026"
KL-001068-2025,"October 21, 2025",Pending,"March 10, 2026"
KL-001069-2025,"October 21, 2025",Pending,"March 10, 2026"
KL-001070-2025,"October 21, 2025",Pending,"March 10, 2026"
KL-001071-2025,"October 21, 2025",Disposed,"January 5, 2026"
KL-001072-2025,"October 21, 2025",Pending,"March 10, 2026"
KL-001073-2025,"October 22, 2025",Pending,"March 10, 2026"
KL-001075-2025,"October 22, 2025",Pending,"March 10, 2026"
KL-001076-2025,"October 22, 2025",Pending,"March 10, 2026"
KL-001077-2025,"October 22, 2025",Pending,"March 10, 2026"
KL-001078-2025,"October 24, 2025",Pending,"March 10, 2026"
KL-001079-2025,"October 29, 2025",Pending,"March 10, 2026"
KL-001080-2025,"October 24, 2025",Pending,"March 10, 2026"
KL-001081-2025,"October 24, 2025",Pending,"March 10, 2026"
KL-001082-2025,"October 24, 2025",Pending,"March 10, 2026"
KL-001083-2025,"October 24, 2025",Pending,"March 10, 2026"
KL-001084-2025,"October 24, 2025",Pending,"March 10, 2026"
KL-001085-2025,"October 24, 2025",Pending,"March 10, 2026"
KL-001086-2025,"October 24, 2025",Pending,"March 10, 2026"
KL-001087-2025,"October 24, 2025",Pending,"March 10, 2026"
KL-001088-2025,"October 24, 2025",Pending,"March 10, 2026"
KL-001089-2025,"October 24, 2025",Pending,"March 10, 2026"
KL-001090-2025,"October 24, 2025",Pending,"March 10, 2026"
KL-001091-2025,"October 24, 2025",Pending,"March 10, 2026"
KL-001092-2025,"October 25, 2025",Pending,"March 10, 2026"
KL-001093-2025,"October 25, 2025",Pending,"March 10, 2026"
KL-001095-2025,"October 25, 2025",Pending,"March 10, 2026"
KL-001096-2025,"October 25, 2025",Pending,"March 10, 2026"
KL-001099-2025,"October 27, 2025",Pending,"March 10, 2026"
KL-001101-2025,"October 27, 2025",Pending,"March 10, 2026"
KL-001102-2025,"October 27, 2025",Disposed,"February 18, 2026"
KL-001103-2025,"October 28, 2025",Pending,"March 10, 2026"
KL-001104-2025,"October 28, 2025",Disposed,"February 20, 2026"
KL-001105-2025,"October 29, 2025",Pending,"March 10, 2026"
KL-001109-2025,"October 29, 2025",Disposed,"February 21, 2026"
KL-001112-2025,"October 29, 2025",Pending,"March 10, 2026"
KL-001115-2025,"October 29, 2025",Pending,"March 10, 2026"
KL-001117-2025,"October 30, 2025",Pending,"March 10, 2026"
KL-001118-2025,"October 30, 2025",Pending,"March 10, 2026"
KL-001119-2025,"October 30, 2025",Pending,"March 10, 2026"
KL-001120-2025,"November 3, 2025",Pending,"March 10, 2026"
KL-001121-2025,"October 31, 2025",Pending,"March 10, 2026"
KL-001122-2025,"October 31, 2025",Pending,"March 10, 2026"
KL-001123-2025,"November 1, 2025",Pending,"March 10, 2026"
KL-001125-2025,"November 2, 2025",Disposed,"December 29, 2025"
KL-001126-2025,"November 2, 2025",Pending,"March 10, 2026"
KL-001129-2025,"November 2, 2025",Pending,"March 10, 2026"
KL-001132-2025,"November 4, 2025",Pending,"March 10, 2026"
KL-001133-2025,"November 4, 2025",Pending,"March 10, 2026"
KL-001134-2025,"November 5, 2025",Pending,"March 10, 2026"
KL-001135-2025,"November 5, 2025",Pending,"March 10, 2026"
KL-001136-2025,"November 7, 2025",Pending,"March 10, 2026"
KL-001137-2025,"November 7, 2025",Pending,"March 10, 2026"
KL-001138-2025,"November 10, 2025",Pending,"March 10, 2026"
KL-001139-2025,"November 11, 2025",Pending,"March 10, 2026"
KL-001140-2025,"November 7, 2025",Disposed,"December 10, 2025"
KL-001142-2025,"November 8, 2025",Pending,"March 10, 2026"
KL-001143-2025,"November 11, 2025",Pending,"March 10, 2026"
KL-001144-2025,"November 11, 2025",Disposed,"December 19, 2025"
KL-001145-2025,"November 11, 2025",Pending,"March 10, 2026"
KL-001146-2025,"November 11, 2025",Pending,"March 10, 2026"
KL-001147-2025,"November 12, 2025",Pending,"March 10, 2026"
KL-001149-2025,"November 13, 2025",Pending,"March 10, 2026"
KL-001150-2025,"November 13, 2025",Pending,"March 10, 2026"
KL-001151-2025,"November 13, 2025",Pending,"March 10, 2026"
KL-001152-2025,"November 13, 2025",Pending,"March 10, 2026"
KL-001155-2025,"November 19, 2025",Pending,"March 10, 2026"
KL-001156-2025,"November 19, 2025",Pending,"March 10, 2026"
KL-001158-2025,"November 20, 2025",Pending,"March 10, 2026"
KL-001159-2025,"November 19, 2025",Disposed,"January 29, 2026"
KL-001164-2025,"November 23, 2025",Pending,"March 10, 2026"
KL-001165-2025,"December 18, 2025",Pending,"March 10, 2026"
KL-001166-2025,"November 22, 2025",Pending,"March 10, 2026"
KL-001167-2025,"November 22, 2025",Pending,"March 10, 2026"
KL-001168-2025,"November 22, 2025",Pending,"March 10, 2026"
KL-001170-2025,"November 22, 2025",Pending,"March 10, 2026"
KL-001171-2025,"November 23, 2025",Pending,"March 10, 2026"
KL-001172-2025,"November 23, 2025",Pending,"March 10, 2026"
KL-001175-2025,"December 1, 2025",Pending,"March 10, 2026"
KL-001177-2025,"November 24, 2025",Pending,"March 10, 2026"
KL-001178-2025,"November 24, 2025",Pending,"March 10, 2026"
KL-001179-2025,"November 25, 2025",Pending,"March 10, 2026"
KL-001181-2025,"November 25, 2025",Disposed,"March 5, 2026"
KL-001182-2025,"November 27, 2025",Pending,"March 10, 2026"
KL-001183-2025,"November 27, 2025",Disposed,"January 8, 2026"
KL-001185-2025,"November 27, 2025",Disposed,"January 9, 2026"
KL-001186-2025,"November 28, 2025",Pending,"March 10, 2026"
KL-001187-2025,"November 28, 2025",Pending,"March 10, 2026"
KL-001188-2025,"November 29, 2025",Pending,"March 10, 2026"
KL-001189-2025,"November 28, 2025",Pending,"March 10, 2026"
KL-001191-2025,"November 29, 2025",Pending,"March 10, 2026"
KL-001192-2025,"December 1, 2025",Pending,"March 10, 2026"
KL-001193-2025,"December 1, 2025",Pending,"March 10, 2026"
KL-001194-2025,"December 1, 2025",Disposed,"February 17, 2026"
KL-001195-2025,"December 2, 2025",Pending,"March 10, 2026"
KL-001196-2025,"December 10, 2025",Pending,"March 10, 2026"
KL-001197-2025,"December 6, 2025",Disposed,"January 12, 2026"
KL-001198-2025,"December 11, 2025",Pending,"March 10, 2026"
KL-001199-2025,"December 4, 2025",Pending,"March 10, 2026"
KL-001200-2025,"December 11, 2025",Pending,"March 10, 2026"
KL-001201-2025,"December 4, 2025",Pending,"March 10, 2026"
KL-001202-2025,"December 11, 2025",Pending,"March 10, 2026"
KL-001203-2025,"December 6, 2025",Pending,"March 10, 2026"
KL-001205-2025,"December 8, 2025",Pending,"March 10, 2026"
KL-001206-2025,"December 7, 2025",Pending,"March 10, 2026"
KL-001207-2025,"December 7, 2025",Pending,"March 10, 2026"
KL-001208-2025,"December 8, 2025",Pending,"March 10, 2026"
KL-001210-2025,"December 12, 2025",Pending,"March 10, 2026"
KL-001211-2025,"February 17, 2026",Pending,"March 10, 2026"
KL-001212-2025,"December 9, 2025",Pending,"March 10, 2026"
KL-001213-2025,"December 9, 2025",Disposed,"January 27, 2026"
KL-001215-2025,"December 12, 2025",Pending,"March 10, 2026"
KL-001216-2025,"December 12, 2025",Disposed,"March 5, 2026"
KL-001217-2025,"December 17, 2025",Pending,"March 10, 2026"
KL-001218-2025,"December 15, 2025",Pending,"March 10, 2026"
KL-001219-2025,"December 16, 2025",Pending,"March 10, 2026"
KL-001220-2025,"December 16, 2025",Pending,"March 10, 2026"
KL-001221-2025,"December 16, 2025",Disposed,"February 26, 2026"
KL-001222-2025,"December 16, 2025",Pending,"March 10, 2026"
KL-001224-2025,"December 17, 2025",Pending,"March 10, 2026"
KL-001226-2025,"December 18, 2025",Pending,"March 10, 2026"
KL-001227-2025,"December 19, 2025",Pending,"March 10, 2026"
KL-001228-2025,"December 18, 2025",Pending,"March 10, 2026"
KL-001229-2025,"December 19, 2025",Pending,"March 10, 2026"
KL-001230-2025,"December 20, 2025",Pending,"March 10, 2026"
KL-001232-2025,"December 19, 2025",Disposed,"February 19, 2026"
KL-001234-2025,"December 19, 2025",Pending,"March 10, 2026"
KL-001235-2025,"December 20, 2025",Pending,"March 10, 2026"
KL-001237-2025,"December 24, 2025",Disposed,"February 17, 2026"
KL-001238-2025,"December 24, 2025",Pending,"March 10, 2026"
KL-001239-2025,"December 23, 2025",Pending,"March 10, 2026"
KL-001240-2025,"December 23, 2025",Pending,"March 10, 2026"
KL-001241-2025,"December 24, 2025",Pending,"March 10, 2026"
KL-001242-2025,"December 26, 2025",Pending,"March 10, 2026"
KL-001243-2025,"December 26, 2025",Pending,"March 10, 2026"
KL-001244-2025,"December 26, 2025",Pending,"March 10, 2026"
KL-001245-2025,"December 26, 2025",Pending,"March 10, 2026"
KL-001246-2025,"December 27, 2025",Pending,"March 10, 2026"
KL-001247-2025,"December 27, 2025",Pending,"March 10, 2026"
KL-001249-2025,"December 27, 2025",Pending,"March 10, 2026"
KL-001251-2025,"December 28, 2025",Pending,"March 10, 2026"
KL-001254-2025,"December 29, 2025",Pending,"March 10, 2026"
KL-001255-2025,"December 29, 2025",Pending,"March 10, 2026"
KL-001256-2025,"December 29, 2025",Pending,"March 10, 2026"
KL-001258-2025,"January 14, 2026",Pending,"March 10, 2026"
KL-001259-2025,"January 14, 2026",Pending,"March 10, 2026"
KL-001261-2025,"December 31, 2025",Pending,"March 10, 2026"
KL-001262-2025,"December 31, 2025",Pending,"March 10, 2026"
KL-001263-2025,"December 31, 2025",Pending,"March 10, 2026"
